ID,ResponseID,StartDate,Condition,HumanAAE1,ModelAAE1,ModelBonus,HumanAAE2,ModelAAE2,ModelHitsEstimate,HumanHitsEstimate,ModelConfidence,HumanConfidence,Bonus,Age,Education,Gender,BonusFromModel,BonusFromHuman,ModelStage1Hits,HumanStage1Hits,HumanAsGoodStage1,HumanBetterStage1,HumanBetterStage2,BetterStage2Bonus,Stage2AAE,Model,Human
1,R_ex7iy8R1cz5ZXDL,3/19/2013 12:20,4,32.73333333,18.2,0,20.5,18.2,25,10,2,2,2,21,3,0,3,2,3,3,0,0,0,1,20.5,1,1
2,R_0kPvmGwnu1WYltr,3/19/2013 12:22,1,.,.,1,30.5,21.5,30,40,2,3,2,20,2,1,2,0,.,.,.,.,0,1,21.5,0,0
3,R_eEh9rWIHT6xsVet,3/19/2013 12:22,2,26,.,0,21.2,16,59,59,2,4,2,20,3,1,3,2,.,4,.,.,0,1,21.20000076,0,1
4,R_6hdKgF1ex4NVQdn,3/19/2013 12:22,3,.,23.86666667,0,19.2,10.1,10,50,1,4,4,20,3,0,3,4,4,.,.,.,0,0,19.20000076,1,0
5,R_8iyDUFuZgIPJnox,3/19/2013 12:23,1,.,.,0,24.6,33.2,25,30,2,3,3,23,2,1,0,3,.,.,.,.,1,0,24.60000038,0,0
6,R_bI7UHRtOMPTYkaF,3/19/2013 12:25,3,.,20.73333333,0,37.1,34.4,20,5,2,1,1,20,3,0,0,1,2,.,.,.,0,0,37.09999847,1,0
7,R_0fuiridiofQfLqB,3/19/2013 12:25,2,26.53333333,.,0,20.3,15.8,50,70,4,3,2,18,3,1,3,2,.,4,.,.,0,1,20.29999924,0,1
8,R_9MszHtZfhBn5Xbn,3/19/2013 12:25,4,24.86666667,21.13333333,1,13.5,19,40,25,3,2,2,22,3,1,2,3,4,1,0,0,1,0,19,1,1
9,R_79QBuKOlP1Etz7v,3/19/2013 12:25,1,.,.,1,27.7,24.9,80,20,4,2,2,19,3,0,2,1,.,.,.,.,0,1,24.89999962,0,0
10,R_9Tzwg5wA3fXLprf,3/19/2013 12:28,2,30,.,1,27.9,27.7,90,80,4,2,2,18,3,0,2,2,.,1,.,.,0,2,27.70000076,0,1
11,R_d50677vBl6hN5uR,3/19/2013 12:30,3,.,16.86666667,1,26.1,18.8,18,10,3,2,4,18,3,0,4,2,4,.,.,.,0,1,18.79999924,1,0
12,R_20qHRk1R44DBHJX,3/19/2013 12:33,.,.,.,.,.,.,.,.,.,.,.,.,.,.,.,.,.,.,.,.,.,.,.,.,.
13,R_afU10Xwa76Eev2d,3/19/2013 12:34,4,30.93333333,20.73333333,0,30.6,21.7,10,0,1,1,1,22,3,0,2,1,4,2,0,0,0,1,30.60000038,1,1
14,R_enYDgEnq3xFl6XH,3/19/2013 13:00,2,28.8,.,1,27.9,22.8,40,60,3,4,1,21,3,1,1,1,.,1,.,.,0,2,22.79999924,0,1
15,R_cUB28niv34YL3cp,3/19/2013 13:02,1,.,.,0,38.4,22.4,60,40,3,4,0,20,2,1,1,0,.,.,.,.,0,1,38.40000153,0,0
16,R_8eM4HnZAcxwtFyZ,3/19/2013 13:03,3,.,23.4,1,41.7,25,55,14,3,2,3,18,2,0,3,0,2,.,.,.,0,1,25,1,0
17,R_b94xd5SM7UosPsx,3/19/2013 13:05,4,28.26666667,19.46666667,1,17.6,23.6,50,10,3,2,3,22,3,0,3,2,4,1,0,0,1,1,23.60000038,1,1
18,R_dhhoHLEJW4UQ6Yl,3/19/2013 13:06,3,.,25.8,0,36.6,28.4,20,30,2,3,0,23,3,1,0,0,1,.,.,.,0,2,36.59999847,1,0
19,R_bEhVOsboJ06KKpv,3/19/2013 13:16,4,26.33333333,19.06666667,0,22.7,22.4,45,20,4,2,2,21,3,1,2,2,4,2,0,0,0,2,22.70000076,1,1
20,R_8uL242j3ZYNoNQF,3/19/2013 14:10,3,.,22.86666667,1,30,15.5,33,33,4,3,2,20,3,1,2,2,1,.,.,.,0,2,15.5,1,0
21,R_6FqXSywC6zrfLFj,3/19/2013 14:10,1,.,.,1,34,20.4,40,30,2,2,1,20,3,1,1,1,.,.,.,.,0,2,20.39999962,0,0
22,R_1SmJZFgGNzigrlj,3/19/2013 14:16,1,.,.,1,24.2,21.5,33,25,4,3,2,20,3,1,2,2,.,.,.,.,0,2,21.5,0,0
23,R_6nD6xsz3tOCUxmt,3/19/2013 14:19,2,33.86666667,.,0,31.7,28.9,45,35,3,2,1,.,.,.,1,1,.,1,.,.,0,2,31.70000076,0,1
24,R_0iHiABRVdh5aGfH,3/19/2013 14:20,4,33.6,24.26666667,0,17.9,17.4,40,45,2,2,3,24,5,0,1,3,1,0,0,0,0,0,17.89999962,1,1
25,R_6mVG8jKJBOrMdOl,3/19/2013 14:22,1,.,.,0,23.9,17.6,60,50,2,3,1,20,3,1,3,1,.,.,.,.,0,1,23.89999962,0,0
26,R_6m4YpNkIIo1RhuB,3/19/2013 14:23,3,.,20.78571429,1,35.6,26.3,70,60,3,2,2,21,5,1,2,1,3,.,.,.,0,1,26.29999924,1,0
27,R_9WuirjU5Kb5XZt3,3/19/2013 14:24,4,31,23.8,1,16.3,20,70,60,3,2,3,18,3,0,3,4,4,2,0,0,1,0,20,1,1
28,R_4Yq74BmnccAfVe5,3/19/2013 14:25,2,33.93333333,.,1,24.2,10.9,90,5,3,2,3,19,3,0,3,1,.,1,.,.,0,1,10.89999962,0,1
29,R_6zcU32UqFLrwCTr,3/19/2013 14:27,1,.,.,0,17.4,14.2,40,50,2,3,2,19,3,1,4,2,.,.,.,.,0,1,17.39999962,0,0
30,R_5z5JfZfePXtjLQF,3/19/2013 14:28,3,.,24.73333333,1,16.2,19.4,45,45,2,2,1,22,3,1,1,1,2,.,.,.,1,2,19.39999962,1,0
31,R_71eC20chgvhuBYV,3/19/2013 14:29,2,28.4,.,1,31.1,20.3,60,20,4,3,1,19,3,0,1,2,.,2,.,.,0,0,20.29999924,0,1
32,R_3a7IuoErZdvYVNz,3/19/2013 14:36,4,24.86666667,24.46666667,0,24.4,11.8,20,30,2,3,2,21,3,1,3,2,1,2,0,0,0,1,24.39999962,1,1
33,R_d0wlhtzg0krbDnf,3/19/2013 15:04,1,.,.,1,23.1,16.2,60,40,4,2,2,19,3,1,2,2,.,.,.,.,0,2,16.20000076,0,0
34,R_6m7qzgBbGkxLbo1,3/19/2013 15:05,3,.,22.73333333,0,33.3,23.4,50,50,2,4,1,19,2,1,1,1,2,.,.,.,0,2,33.29999924,1,0
35,R_6M7CAhSiP88uimF,3/19/2013 15:06,4,23.66666667,23.33333333,0,35.5,26.1,70,60,3,4,1,19,2,0,1,1,2,2,0,0,0,2,35.5,1,1
36,R_80JkNcrEyIitRJz,3/19/2013 15:08,2,24.26666667,.,1,27.7,31.2,70,30,2,3,1,19,2,0,1,2,.,0,.,.,1,0,31.20000076,0,1
37,R_5tezqpv69vuIzUp,3/19/2013 15:11,2,20.4,.,1,29.3,18.7,0,10,2,3,1,21,3,1,1,0,.,3,.,.,0,1,18.70000076,0,1
38,R_dn8SkLRaH9bgyUJ,3/19/2013 15:19,3,.,24.06666667,0,32,18.3,60,50,3,4,2,18,2,0,1,2,3,.,.,.,0,0,32,1,0
39,R_40h7xJDM2ww2dLf,3/19/2013 15:20,4,19.33333333,20.93333333,0,27.1,22.9,40,40,3,4,2,19,2,0,3,2,2,4,1,1,0,1,27.10000038,1,1
40,R_8cSRBDf5B2AvRXL,3/19/2013 15:23,1,.,.,1,22.5,14.8,60,70,3,3,2,25,6,0,2,2,.,.,.,.,0,2,14.80000019,0,0
41,R_3CMxDFFcK1ynHeZ,3/19/2013 15:24,1,.,.,0,25,25.7,40,40,3,3,1,19,3,0,1,1,.,.,.,.,1,2,25,0,0
42,R_29vnrPVChTVu7B3,3/19/2013 15:30,.,.,.,.,.,.,.,.,.,.,.,.,.,.,.,.,.,.,.,.,.,.,.,.,.
43,R_9yqKsQ8htP0bUpv,3/19/2013 15:31,2,27.33333333,.,1,24.5,18.1,75,15,4,3,5,21,5,0,5,1,.,3,.,.,0,1,18.10000038,0,1
44,R_1GsYW1hfbOrqvvT,3/19/2013 15:32,3,.,26.6,1,24.4,12.5,30,20,2,2,4,19,3,1,4,2,3,.,.,.,0,1,12.5,1,0
45,R_e9xuoqG0oMNbOeN,3/19/2013 15:34,4,29.46666667,17.6,0,21.1,18.8,75,60,4,3,1,21,3,0,1,1,3,1,0,0,0,2,21.10000038,1,1
46,R_3aSuA7E1cNu9FmB,3/20/2013 12:19,3,.,26.13333333,0,28.6,24,20,30,3,3,1,22,5,0,1,1,2,.,.,.,0,2,28.60000038,1,0
47,R_5igtDzMqJeWXWwB,3/20/2013 12:19,2,21.53333333,.,1,24,22.6,60,20,4,3,1,21,3,1,1,1,.,4,.,.,0,2,22.60000038,0,1
48,R_5alXja6xWow3hAN,3/20/2013 12:20,4,35.26666667,25.26666667,0,31.8,24.7,30,30,2,2,2,22,5,1,2,2,1,1,0,0,0,2,31.79999924,1,1
49,R_daiiQarPTVpN6sd,3/20/2013 12:22,1,.,.,0,21.5,22.1,65,10,3,2,2,18,3,1,1,2,.,.,.,.,1,0,21.5,0,0
50,R_bqMkPchOMYeSGMt,3/20/2013 12:23,2,20.8,.,1,19.9,23.4,20,33,2,3,0,19,3,1,0,0,.,5,.,.,1,2,23.39999962,0,1
51,R_efIbuANMngHdvPT,3/20/2013 12:23,1,.,.,1,38.7,25.3,20,20,3,2,1,18,3,1,1,1,.,.,.,.,0,2,25.29999924,0,0
52,R_8jNQWzKXNhaqMkd,3/20/2013 12:23,4,31.4,33.33333333,0,26.7,22.5,2,2,2,1,2,21,3,0,1,2,2,2,1,1,0,0,26.70000076,1,1
53,R_3enjrbDdFwQQXMF,3/20/2013 12:24,3,.,16.2,0,30,17.5,24,28,3,3,0,21,5,1,3,0,4,.,.,.,0,1,30,1,0
54,R_9HwP2wtJbZ5J2ap,3/20/2013 12:24,3,.,15.26666667,1,22,22.6,40,25,4,3,2,22,3,0,2,1,7,.,.,.,1,1,22.60000038,1,0
55,R_eX5jLESMHJyYZ37,3/20/2013 12:24,1,.,.,1,27.6,22.1,75,35,4,2,1,21,2,0,1,1,.,.,.,.,0,2,22.10000038,0,0
56,R_7O1pRRL6OsPesg5,3/20/2013 12:28,2,25.86666667,.,1,34.8,37.8,55,30,3,2,0,22,3,0,0,1,.,1,.,.,1,0,37.79999924,0,1
57,R_ePssrxfv5snEA0l,3/20/2013 13:19,4,28.46666667,23.33333333,0,35.3,20,25,50,3,4,2,26,5,1,2,2,2,5,0,0,0,2,35.29999924,1,1
58,R_6JYh6hwD9UVONY9,3/20/2013 13:19,3,.,22.73333333,0,31.8,15.2,25,50,2,3,1,24,7,1,3,1,3,.,.,.,0,1,31.79999924,1,0
59,R_5o5sIbyYa3dlWER,3/20/2013 13:21,4,20.6,20.66666667,1,25.5,36.4,75,40,4,3,0,19,4,0,0,2,3,3,1,1,1,0,36.40000153,1,1
60,R_78tI0vWZ2lzrBZ3,3/20/2013 13:22,2,28,.,1,28.1,23.6,40,0,2,1,1,20,3,0,1,0,.,1,.,.,0,1,23.60000038,0,1
61,R_d07g3NoiChyfuYd,3/20/2013 13:22,1,.,.,1,33.2,26.1,70,50,4,3,0,22,5,0,0,1,.,.,.,.,0,0,26.10000038,0,0
62,R_3rSu3bfYwX0Jrmt,3/20/2013 13:23,2,23.6,.,0,25.5,24.7,25,16,3,2,2,19,3,0,0,2,.,2,.,.,0,0,25.5,0,1
63,R_6s2bZfhXTZpaeZT,3/20/2013 13:24,1,.,.,1,36.3,13.9,20,10,2,1,2,20,3,1,2,1,.,.,.,.,0,1,13.89999962,0,0
64,R_9B0oG6PVcnJc4Jf,3/20/2013 13:25,4,26.86666667,23.46666667,1,27.8,17.9,55,45,3,2,3,21,2,0,3,1,1,1,0,0,0,1,17.89999962,1,1
65,R_8AnDYK1kJK9tBCB,3/20/2013 13:25,4,25.86666667,21.66666667,0,27.5,16.4,25,15,3,2,1,19,3,1,2,1,1,4,0,0,0,1,27.5,1,1
66,R_eERMKjFanih1tcN,3/20/2013 13:26,3,.,28.66666667,0,24.6,18.7,20,30,2,3,1,21,5,1,3,1,2,.,.,.,0,1,24.60000038,1,0
67,R_54GhiL5Ceq10rGJ,3/20/2013 13:27,3,.,24.86666667,0,25.2,21,10,30,3,2,1,19,3,1,1,1,0,.,.,.,0,2,25.20000076,1,0
68,R_eLGqfFczAiK8DQ1,3/20/2013 13:27,2,26.93333333,.,0,20.2,24.5,30,40,2,3,1,23,5,0,0,1,.,3,.,.,1,0,20.20000076,0,1
69,R_aaxVZcylfpOD8kl,3/20/2013 14:05,1,.,.,1,36.9,27.6,40,30,3,2,0,19,2,0,0,0,.,.,.,.,0,2,27.60000038,0,0
70,R_3eKb6YdoTltrL13,3/20/2013 14:07,2,27.06666667,.,1,25.7,32.2,75,40,4,2,0,21,3,0,0,2,.,2,.,.,1,0,32.20000076,0,1
71,R_08OBS18ujPfnmK1,3/20/2013 14:18,1,.,.,1,23.9,20.8,75,25,3,2,1,21,3,0,1,2,.,.,.,.,0,0,20.79999924,0,0
72,R_9GEs1dLSmC9XGZL,3/20/2013 14:18,3,.,26.86666667,1,29.5,26.3,20,0,2,2,1,22,3,0,1,1,1,.,.,.,0,2,26.29999924,1,0
73,R_2ht7QptZXAnPQvH,3/20/2013 14:19,4,23.13333333,24.66666667,0,33,19.1,25,10,3,3,0,22,3,0,2,0,1,2,1,1,0,1,33,1,1
74,R_eff49nCMOgZXE8d,3/20/2013 14:20,3,.,26.73333333,0,26.8,24.4,10,20,2,2,1,20,3,1,2,1,2,.,.,.,0,1,26.79999924,1,0
75,R_6qZx46VvPph30ZT,3/20/2013 14:20,1,.,.,1,24.4,22,65,65,3,3,2,21,5,0,2,2,.,.,.,.,0,2,22,0,0
76,R_3UGcQ0vGjZZllel,3/20/2013 14:20,2,35.46666667,.,0,42.7,16,20,40,2,3,0,21,3,0,1,0,.,2,.,.,0,1,42.70000076,0,1
77,R_0lmGRz6XeMGJcfb,3/20/2013 14:21,4,25.66666667,21,0,29.3,24.6,15,20,2,2,1,21,3,1,2,1,1,0,0,0,0,1,29.29999924,1,1
78,R_8vlwe11EycphBad,3/20/2013 14:22,2,30.2,.,0,24.1,24.3,10,35,2,4,1,19,3,1,3,1,.,1,.,.,1,1,24.10000038,0,1
79,R_6Xq9cZVV7LdN91b,3/20/2013 14:22,4,25.53333333,24.86666667,1,20.2,24.4,80,60,4,3,1,20,2,1,1,1,2,1,0,0,1,2,24.39999962,1,1
80,R_2lqG4oAop3V0bD7,3/20/2013 14:23,3,.,35.66666667,0,19.9,26,30,40,2,3,2,18,3,0,1,2,1,.,.,.,1,0,19.89999962,1,0
81,R_4Pggx5rRUKHZ85T,3/20/2013 14:25,1,.,.,0,47.8,31.4,40,10,4,1,0,20,3,0,0,0,.,.,.,.,0,2,47.79999924,0,0
82,R_6hU5kIv4ZZ0Hna5,3/20/2013 14:56,1,.,.,1,28.9,14.6,15,20,3,3,4,22,3,1,4,2,.,.,.,.,0,1,14.60000038,0,0
83,R_4O7Wjm8OvdN2E5v,3/20/2013 14:58,2,25.53333333,.,1,23.9,26.7,55,15,3,2,2,19,3,0,2,2,.,1,.,.,1,2,26.70000076,0,1
84,R_8qZVCIeJuDnnzI9,3/20/2013 15:00,4,29.4,32,0,29.6,18.3,50,30,3,2,2,19,2,1,3,2,2,1,1,1,0,1,29.60000038,1,1
85,R_42bmQiZ7xzv8l6Z,3/20/2013 15:00,3,.,18.06666667,0,23.6,24.6,20,40,3,3,1,21,3,0,1,1,4,.,.,.,1,2,23.60000038,1,0
86,R_804mhGeGbBZckSx,3/20/2013 15:01,4,22.33333333,16.86666667,0,19.7,16.1,20,35,2,3,3,21,2,0,3,3,2,2,0,0,0,2,19.70000076,1,1
87,R_5cBZY5Mf9F4aMUR,3/20/2013 15:02,2,24.33333333,.,1,29.4,23,50,10,4,2,1,20,5,0,1,1,.,1,.,.,0,2,23,0,1
88,R_eIJwhGprf7NaFCt,3/20/2013 15:03,3,.,24.73333333,0,35.7,17.6,25,50,3,2,0,21,3,1,2,0,3,.,.,.,0,1,35.70000076,1,0
89,R_9Zbem70gHbWC94F,3/20/2013 15:03,1,.,.,1,25.4,20.2,60,40,4,3,2,20,2,0,2,1,.,.,.,.,0,1,20.20000076,0,0
90,R_9tYIfl3w2umUFJH,3/20/2013 15:04,4,19,21.53333333,0,32.7,28.4,10,12,2,2,0,21,3,0,3,0,2,3,1,1,0,1,32.70000076,1,1
91,R_9nSqOkVHMaSn5JP,3/20/2013 15:08,.,.,.,.,.,.,.,.,.,.,.,.,.,.,.,.,.,.,.,.,.,.,.,.,.
92,R_eg1uD04vS0KKzS5,3/20/2013 15:08,2,25.2,.,0,27.5,22,10,40,2,3,2,23,2,1,1,2,.,1,.,.,0,0,27.5,0,1
93,R_3VQRDEbQj9nDJqZ,3/20/2013 15:10,3,.,20.73333333,0,39.3,16.2,20,40,2,3,0,19,3,1,3,0,4,.,.,.,0,1,39.29999924,1,0
94,R_exGb3S7mWDKIFSZ,3/20/2013 15:10,1,.,.,1,26.6,33.6,75,75,4,4,0,19,3,0,0,1,.,.,.,.,1,0,33.59999847,0,0
95,R_enhpyoizXDbEFrn,3/20/2013 15:24,4,18.6,24.06666667,0,24.9,22.2,50,60,3,4,1,22,5,0,2,1,2,4,1,1,0,1,24.89999962,1,1
96,R_d5zEVfOWOPcoaAl,3/21/2013 12:06,2,19.73333333,.,0,21,16.1,50,35,3,3,3,31,5,1,2,3,.,3,.,.,0,0,21,0,1
97,R_06etgcGPe6e87tj,3/21/2013 12:06,1,.,.,1,20.7,19.3,50,25,4,3,4,19,3,1,4,2,.,.,.,.,0,1,19.29999924,0,0
98,R_7O0BcO7ualYnWlL,3/21/2013 12:07,3,.,28.66666667,0,15.3,16.2,30,35,2,2,3,18,3,0,3,3,2,.,.,.,1,2,15.30000019,1,0
99,R_0jlzeQB7VKYaW7b,3/21/2013 12:07,1,.,.,0,25.2,19.4,75,50,4,2,1,19,3,0,3,1,.,.,.,.,0,1,25.20000076,0,0
100,R_5gSQVGgowtWGfpr,3/21/2013 12:09,2,35.33333333,.,1,24.3,23.1,25,25,3,2,2,21,5,1,2,2,.,1,.,.,0,2,23.10000038,0,1
101,R_2t5sbyq2hGm0rlP,3/21/2013 12:09,3,.,23.8,0,26.9,14.1,10,20,2,3,1,19,3,1,3,1,3,.,.,.,0,1,26.89999962,1,0
102,R_3eIXWOn74IBet7f,3/21/2013 12:10,4,23.06666667,26.33333333,0,33.3,22.8,45,55,3,4,1,19,5,0,1,1,1,4,1,1,0,2,33.29999924,1,1
103,R_5sUqQF1G41GbStf,3/21/2013 12:10,1,.,.,1,36.1,17.5,40,20,2,2,4,19,3,1,4,0,.,.,.,.,0,1,17.5,0,0
104,R_e9cKE0XjLZf2Ist,3/21/2013 12:11,3,.,22.66666667,0,39,28.5,5,5,2,2,0,20,3,0,1,0,1,.,.,.,0,1,39,1,0
105,R_80QG68QRcIoMoQt,3/21/2013 12:15,4,22.2,17.2,0,31,21.3,10,10,2,3,0,19,3,0,4,0,4,0,0,0,0,1,31,1,1
106,R_3IefyrCYhxcBAbz,3/21/2013 13:02,2,22.73333333,.,0,28.1,22.3,60,20,3,2,0,18,3,0,1,0,.,2,.,.,0,1,28.10000038,0,1
107,R_cLRgEQWaqxJGF6t,3/21/2013 13:03,2,30,.,1,29.8,21.8,20,15,4,3,2,19,3,0,2,0,.,2,.,.,0,1,21.79999924,0,1
108,R_9NPyvemhRDVNhop,3/21/2013 13:03,3,.,21.53333333,0,33.3,31.1,10,12,2,2,0,20,3,0,2,0,3,.,.,.,0,1,33.29999924,1,0
109,R_d4oo963G7wFeOTr,3/21/2013 13:03,1,.,.,0,24.6,19.6,20,80,3,3,2,23,5,0,2,2,.,.,.,.,0,2,24.60000038,0,0
110,R_ebwavnSmCpR05GB,3/21/2013 13:06,4,38.86666667,21.93333333,0,30.3,36.1,25,40,2,3,1,19,3,1,0,1,4,1,0,0,1,0,30.29999924,1,1
111,R_8qzLBr27T9gOlWB,3/21/2013 13:08,1,.,.,0,14.5,18.2,10,30,1,3,3,20,3,0,2,3,.,.,.,.,1,0,14.5,0,0
112,R_ah3c2WuMWxOrhBP,3/21/2013 13:09,4,30.06666667,22.33333333,0,27.3,18.8,30,85,3,4,0,26,5,1,3,0,1,2,0,0,0,1,27.29999924,1,1
113,R_6osqU7ZVDxDAjm5,3/21/2013 13:09,3,.,24.06666667,0,23,18.4,50,50,3,3,0,18,3,1,4,0,4,.,.,.,0,1,23,1,0
114,R_1Uggz80SkzNOAGV,3/21/2013 14:00,3,.,20.53333333,0,36.1,27.6,60,10,3,2,1,21,3,0,1,1,4,.,.,.,0,2,36.09999847,1,0
115,R_6FjC2s0dIhzs8y9,3/21/2013 14:00,2,24.8,.,0,22.7,20.6,60,20,2,3,1,19,3,1,3,1,.,1,.,.,0,1,22.70000076,0,1
116,R_8ArTaooURhOFuDP,3/21/2013 14:01,2,27.86666667,.,1,30.5,18.4,60,50,4,3,3,21,3,1,3,1,.,1,.,.,0,1,18.39999962,0,1
117,R_0BZ8pDbKGFMHICF,3/21/2013 14:02,4,29.33333333,20.33333333,1,26.4,25.4,25,25,2,2,1,21,4,0,1,1,5,0,0,0,0,2,25.39999962,1,1
118,R_7NBllu5tAFCMDKl,3/21/2013 14:02,2,17.93333333,.,1,32.7,22,30,65,2,4,1,20,3,1,1,0,.,3,.,.,0,1,22,0,1
119,R_8rnwigZ6gMVBIoJ,3/21/2013 14:03,1,.,.,1,28.4,23.2,30,30,3,3,2,19,3,0,2,2,.,.,.,.,0,2,23.20000076,0,0
120,R_2iqWtiTIj4gaLXv,3/21/2013 14:04,3,.,22.93333333,0,21.3,21.6,25,50,2,3,1,21,2,0,1,1,1,.,.,.,1,2,21.29999924,1,0
121,R_1ST65rZa4PVGz6R,3/21/2013 14:04,4,24.6,24.6,0,22.3,12.1,5,10,2,3,3,18,3,0,3,3,1,3,1,0,0,2,22.29999924,1,1
122,R_8IWyrNkFI6wnXO5,3/21/2013 14:06,1,.,.,1,35.3,17.3,50,10,4,1,2,21,5,1,2,0,.,.,.,.,0,1,17.29999924,0,0
123,R_eu5V7EVMosXmj9r,3/21/2013 14:07,4,32.86666667,35.2,0,34,16.1,10,10,1,1,1,22,6,0,1,1,1,0,1,1,0,2,34,1,1
124,R_cNLPt8VErDS96RL,3/21/2013 14:08,2,35.33333333,.,0,26.5,15,65,35,4,3,1,20,3,1,2,1,.,1,.,.,0,1,26.5,0,1
125,R_0HXunpzbcY3DUOx,3/21/2013 14:09,3,.,13.66666667,1,27.3,25.4,50,40,4,3,0,20,2,1,0,1,7,.,.,.,0,0,25.39999962,1,0
126,R_beHZx2b68cdGxY9,3/21/2013 15:01,2,38.33333333,.,0,20.6,13.8,85,75,4,3,4,18,2,0,5,4,.,3,.,.,0,1,20.60000038,0,1
127,R_78vk8F8upGWbsKV,3/21/2013 15:01,4,16.06666667,27.4,0,35.3,21.3,20,60,2,3,1,22,3,1,2,1,2,2,1,1,0,1,35.29999924,1,1
128,R_02n1WSvR8hmjR8F,3/21/2013 15:02,1,.,.,0,21.6,18.9,40,44,3,4,1,19,3,1,2,1,.,.,.,.,0,1,21.60000038,0,0
129,R_5ubdySrlOiUq2Yl,3/21/2013 15:03,3,.,16.93333333,0,12.7,19.2,30,20,2,3,1,18,3,0,1,1,4,.,.,.,1,2,12.69999981,1,0
130,R_1ROeCv5Duppfbkp,3/21/2013 15:03,1,.,.,1,17.7,22,60,30,3,3,1,21,3,1,1,4,.,.,.,.,1,0,22,0,0
131,R_6lEPiQmtyv5toSp,3/21/2013 15:03,3,.,18.53333333,0,31.9,32,50,50,4,3,0,18,3,1,0,0,3,.,.,.,1,2,31.89999962,1,0
132,R_aaS8JBJFbASr6nz,3/21/2013 15:03,1,.,.,1,22.9,20.7,20,20,3,3,2,25,3,1,2,1,.,.,.,.,0,1,20.70000076,0,0
133,R_2au1bcXgvWMgNGB,3/21/2013 15:03,2,32.73333333,.,1,30.8,16.9,79,20,3,2,3,19,2,0,3,0,.,1,.,.,0,1,16.89999962,0,1
134,R_0xIRhVj0JGWEQ7P,3/21/2013 15:04,4,33.13333333,23.2,0,27.2,17.8,10,0,3,3,0,23,5,1,4,0,2,0,0,0,0,1,27.20000076,1,1
135,R_2hoC5dt77iF0mhf,3/21/2013 15:04,3,.,19.66666667,0,32.5,21.9,3,4,3,2,0,21,5,1,2,0,4,.,.,.,0,1,32.5,1,0
136,R_9nwAwcIEWHAm0L3,3/21/2013 15:06,1,.,.,1,29.4,13.7,50,75,4,4,2,18,3,0,2,1,.,.,.,.,0,1,13.69999981,0,0
137,R_0NElNFe2pTSokIt,3/22/2013 11:59,4,34.4,21.2,1,26.1,22.3,45,35,3,3,0,19,3,0,0,3,4,1,0,0,0,0,22.29999924,1,1
138,R_24UfZLZooXhqiot,3/22/2013 11:59,2,23.86666667,.,0,24,18.9,40,60,3,3,2,18,2,0,1,2,.,1,.,.,0,0,24,0,1
139,R_71jVoDNMNkYxlpX,3/22/2013 12:00,1,.,.,0,19.1,28.9,50,40,4,3,2,21,5,1,1,2,.,.,.,.,1,0,19.10000038,0,0
140,R_1zZ3mg5RwANCMD3,3/22/2013 12:00,2,29.4,.,0,31.7,23.6,60,21,4,2,1,20,3,0,2,1,.,1,.,.,0,1,31.70000076,0,1
141,R_6qV6BKtgZqHSjIx,3/22/2013 12:01,3,.,27.6,0,33.9,25.7,10,20,2,2,1,20,3,0,1,1,3,.,.,.,0,2,33.90000153,1,0
142,R_3fUluz4g3PFKSEd,3/22/2013 12:02,2,32.4,.,1,36,18.7,50,20,3,2,1,27,6,0,1,0,.,2,.,.,0,1,18.70000076,0,1
143,R_71GfINWNUiIvqf3,3/22/2013 12:03,4,26.46666667,25.73333333,0,32.6,25.5,50,35,3,3,0,19,2,0,1,0,2,1,0,0,0,1,32.59999847,1,1
144,R_03aYve7Mr65cAYd,3/22/2013 12:03,4,30.26666667,21.73333333,0,26.7,20.4,30,20,2,2,2,19,3,1,3,2,3,1,0,0,0,1,26.70000076,1,1
145,R_8pHM1sBgYw3R61T,3/22/2013 12:09,3,.,20.93333333,0,27.4,27.4,20,30,3,2,2,19,3,0,2,2,3,.,.,.,0,2,27.39999962,1,0
146,R_6PAmyWy1vX1BiVT,3/22/2013 12:59,1,.,.,1,32.2,33,70,50,4,3,1,28,6,0,1,1,.,.,.,.,1,2,33,0,0
147,R_dm0lKlw3vkK4uBD,3/22/2013 12:59,1,.,.,1,21.2,23,50,50,4,2,3,21,5,0,3,2,.,.,.,.,1,1,23,0,0
148,R_1N5oH8Y7s7XplOt,3/22/2013 13:00,3,.,19.6,1,38.5,30.2,40,60,3,3,1,20,3,0,1,1,2,.,.,.,0,2,30.20000076,1,0
149,R_50l3ehcuGH5sk0R,3/22/2013 13:00,2,25.06666667,.,1,32.8,17.8,35,25,3,2,2,21,3,0,2,1,.,1,.,.,0,1,17.79999924,0,1
150,R_8BcO9M1y0wcWZdb,3/22/2013 13:00,4,35.2,24.73333333,1,26.9,19.7,70,50,4,3,1,18,3,0,1,1,2,1,0,0,0,2,19.70000076,1,1
151,R_exEzOAJ9vhzNCfj,3/22/2013 13:01,1,.,.,0,19.2,24.6,40,40,3,3,2,18,3,0,1,2,.,.,.,.,1,0,19.20000076,0,0
152,R_6hEPv0ewxuaGF2B,3/22/2013 13:03,3,.,26.13333333,0,16.5,24.5,0,20,1,1,3,18,2,1,1,3,3,.,.,.,1,0,16.5,1,0
153,R_bsfzacEcoM5w4rH,3/22/2013 13:03,4,24.46666667,14,1,37,27.4,75,45,4,2,1,20,2,0,1,1,7,2,0,0,0,2,27.39999962,1,1
154,R_cSedKDUn2auhn2B,3/22/2013 13:03,2,28.8,.,1,28.1,16.9,20,10,4,2,2,21,3,1,2,1,.,1,.,.,0,1,16.89999962,0,1
155,R_3yoHn1CSA36aRzn,3/22/2013 13:03,2,40.26666667,.,0,29.6,20.1,50,5,3,1,1,22,3,1,1,1,.,2,.,.,0,2,29.60000038,0,1
156,R_55ceBe5FckRJ2O9,3/22/2013 13:04,4,25.86666667,26.8,0,40.6,25,10,20,2,2,0,21,3,1,2,0,2,2,1,1,0,1,40.59999847,1,1
157,R_cU8SGY7DXoz7Pxj,3/22/2013 13:05,1,.,.,0,27.3,30.9,20,10,3,2,1,23,3,0,0,1,.,.,.,.,1,0,27.29999924,0,0
158,R_1QReALfXRgK55zf,3/22/2013 13:05,3,.,25.66666667,0,21.3,31,10,40,2,2,3,19,3,1,1,3,1,.,.,.,1,0,21.29999924,1,0
159,R_5jW1N82pBXWhy0l,3/22/2013 13:08,1,.,.,0,15.66666667,24.66666667,.,.,.,.,1,.,.,.,0,1,.,.,.,.,1,0,15.66666698,0,0
160,R_8kSZcJ4j5yt01UN,3/22/2013 13:14,4,.,.,.,.,.,.,.,.,.,.,.,.,.,.,.,.,.,.,.,.,.,.,.,.
161,R_6yhUGekQ5SNry7z,3/22/2013 13:32,2,39.73333333,.,0,24.6,16.5,30,15,4,2,1,20,3,0,3,1,.,0,.,.,0,1,24.60000038,0,1
162,R_eVaADJHSSSrPWKN,3/22/2013 13:57,3,.,24.93333333,0,31.8,20.4,30,20,2,3,1,18,3,1,4,1,1,.,.,.,0,1,31.79999924,1,0
163,R_56Y1eonA5yEnaSh,3/22/2013 14:00,2,28.6,.,0,31.4,23,40,30,2,2,1,18,3,1,0,1,.,3,.,.,0,0,31.39999962,0,1
164,R_eyRMO4Z4WitURAV,3/22/2013 14:01,3,.,26,0,31.5,21.2,15,20,2,2,0,29,5,1,3,0,3,.,.,.,0,1,31.5,1,0
165,R_0ApysmC5yBZJf8x,3/22/2013 14:03,4,33.4,30.66666667,1,32.5,21.4,20,40,2,3,1,25,6,1,1,1,3,1,0,0,0,2,21.39999962,1,1
166,R_8owIlUyoAbJXeGp,3/22/2013 14:03,4,24.53333333,26.53333333,0,34.5,22.9,50,65,2,3,2,20,3,0,3,2,1,2,1,1,0,1,34.5,1,1
167,R_bfR1ftGL18bJpaZ,3/22/2013 14:03,3,.,25.8,1,30.7,26.4,20,50,2,2,2,21,2,1,2,0,5,.,.,.,0,1,26.39999962,1,0
168,R_3a6nPefxaRiNQX3,3/22/2013 14:03,1,.,.,1,23.6,17.5,10,90,2,4,2,19,3,0,2,1,.,.,.,.,0,1,17.5,0,0
169,R_eajIVqcpAQf5PPD,3/22/2013 14:03,1,.,.,1,26.8,28.6,50,40,2,3,1,18,2,0,1,0,.,.,.,.,1,1,28.60000038,0,0
170,R_6RJFuhKZWCJ9i4d,3/22/2013 14:06,2,23.93333333,.,0,15.5,17.7,60,65,3,3,1,19,3,1,3,1,.,3,.,.,1,1,15.5,0,1
171,R_0Nuthb0tRQNF2ct,3/22/2013 14:07,3,.,17.46666667,1,33.5,21.3,40,30,2,2,4,20,3,1,4,0,6,.,.,.,0,1,21.29999924,1,0
172,R_0dYyOAS3cJlstX7,3/22/2013 14:09,4,24.4,20.2,0,34.6,17.1,60,30,3,3,0,25,5,1,3,0,2,2,0,0,0,1,34.59999847,1,1
173,R_eXRCsEduYSXq0Rv,3/22/2013 14:12,1,.,.,0,25.1,31.2,70,60,3,2,1,20,5,1,0,1,.,.,.,.,1,0,25.10000038,0,0
174,R_dgOiiNBSoXMQofj,3/22/2013 14:24,2,27.86666667,.,1,35.9,24,70,45,3,2,1,20,2,0,1,0,.,2,.,.,0,1,24,0,1
175,R_79CRcIiMO1s7Czr,3/22/2013 14:59,1,.,.,1,27.5,19,60,10,4,2,2,20,5,0,2,0,.,.,.,.,0,1,19,0,0
176,R_b48sL1427jIG8h7,3/22/2013 15:00,2,27.53333333,.,1,25.7,28.1,65,30,4,2,0,20,3,1,0,0,.,3,.,.,1,2,28.10000038,0,1
177,R_3Od2JgK4dfuwMkZ,3/22/2013 15:01,3,.,21.53333333,1,22.1,25.4,50,20,3,2,2,18,2,0,2,0,2,.,.,.,1,1,25.39999962,1,0
178,R_b3CAMvEstk04MrH,3/22/2013 15:03,4,24.73333333,28.26666667,0,31.6,14.7,10,20,2,2,0,21,2,1,5,0,0,3,1,1,0,1,31.60000038,1,1
179,R_8pP0830x4X5XKIt,3/22/2013 15:04,3,.,21.66666667,0,22.4,19.5,50,50,2,3,3,20,3,0,1,3,3,.,.,.,0,0,22.39999962,1,0
180,R_88hZsGxoYzqni17,3/22/2013 15:04,4,37.4,16.26666667,0,36.7,17.8,30,20,3,2,1,22,2,0,2,1,5,0,0,0,0,1,36.70000076,1,1
181,R_392zBpob2VSemc5,3/22/2013 15:05,1,.,.,0,22.5,28,40,20,4,3,1,19,3,1,3,1,.,.,.,.,1,1,22.5,0,0
182,R_55tYdT2MkseXSvP,3/22/2013 15:06,2,36.13333333,.,1,22.6,24,50,30,2,2,2,21,3,1,2,2,.,1,.,.,1,2,24,0,1
183,R_0oXTFLvbo2YzcZT,3/22/2013 15:06,2,28.33333333,.,1,33.1,22.3,50,0,4,1,3,19,3,1,3,1,.,0,.,.,0,1,22.29999924,0,1
184,R_1BlKVY1nqRLthXv,3/22/2013 15:07,1,.,.,0,24.1,12.4,10,20,2,3,1,20,3,0,1,1,.,.,.,.,0,2,24.10000038,0,0
185,R_41qiUhFGeTY0r1b,3/22/2013 15:07,4,29.53333333,21,0,34,27.9,30,40,2,3,1,22,5,1,0,1,2,1,0,0,0,0,34,1,1
186,R_0CC43LTZkxBlcR7,3/25/2013 11:59,3,.,20.46666667,1,35.8,27,5,3,3,3,2,21,3,0,2,2,3,.,.,.,0,2,27,1,0
187,R_5cJLpRu66PL9Eb3,3/25/2013 12:00,1,.,.,0,19.8,20.2,80,50,3,2,1,19,2,0,1,1,.,.,.,.,1,2,19.79999924,0,0
188,R_dp2FIY5lGXs8sTP,3/25/2013 12:00,4,27.53333333,24,1,21.7,16.2,50,20,3,3,3,19,3,0,3,1,1,1,0,0,0,1,16.20000076,1,1
189,R_0TE8cNNcuZy1WOp,3/25/2013 12:00,3,.,21.93333333,0,23.8,30.4,60,20,3,2,3,20,3,0,1,3,1,.,.,.,1,0,23.79999924,1,0
190,R_6XMgrCwIYUdtLa5,3/25/2013 12:01,2,24.53333333,.,0,35,23.9,34,66,2,3,1,21,2,1,2,1,.,3,.,.,0,1,35,0,1
191,R_0IYZzXPHYgvgArb,3/25/2013 12:03,3,.,29.2,0,27,22.5,40,50,1,2,2,21,5,0,3,2,2,.,.,.,0,1,27,1,0
192,R_6sz1wTCY5Re9lTT,3/25/2013 12:03,2,32,.,1,19,16.3,80,20,5,3,1,20,3,0,1,3,.,3,.,.,0,0,16.29999924,0,1
193,R_6Py42JOVCGuP3ZX,3/25/2013 12:04,4,19.33333333,18.8,0,28.2,19.1,60,40,3,3,0,19,2,0,1,0,3,3,0,0,0,1,28.20000076,1,1
194,R_8iXbmTpZJmkRjOl,3/25/2013 12:05,1,.,.,1,23,23.7,50,30,3,2,2,19,2,0,2,1,.,.,.,.,1,1,23.70000076,0,0
195,R_bCuCRlJn8wxJR0p,3/25/2013 12:08,2,30.06666667,.,1,33.9,26.5,70,40,4,3,0,18,3,0,0,1,.,4,.,.,0,0,26.5,0,1
196,R_2hn18tmRzdCKUQd,3/25/2013 12:58,4,21.13333333,15.93333333,1,35.7,25.8,40,20,3,2,1,21,3,0,1,2,6,2,0,0,0,0,25.79999924,1,1
197,R_54s6c6bPJcAZHAp,3/25/2013 12:59,2,29.33333333,.,1,22.2,14.5,50,25,4,2,3,19,2,1,3,1,.,2,.,.,0,1,14.5,0,1
198,R_034nqBxo4taXRS5,3/25/2013 13:01,1,.,.,1,23.5,18.1,100,50,5,2,1,21,3,0,1,2,.,.,.,.,0,0,18.10000038,0,0
199,R_a3jOGtkP3KLBJS5,3/25/2013 13:01,3,.,17.73333333,0,24.7,23.4,40,35,3,3,2,18,3,0,2,2,4,.,.,.,0,2,24.70000076,1,0
200,R_bpA9cRQRtPMGmrz,3/25/2013 13:02,3,.,20,0,31.7,25.3,40,50,3,3,0,19,3,1,3,0,4,.,.,.,0,1,31.70000076,1,0
201,R_8Gq4w9WzKwtA3m5,3/25/2013 13:04,2,34.8,.,1,22.2,23.6,75,40,4,2,1,21,3,0,1,3,.,1,.,.,1,0,23.60000038,0,1
202,R_3O5zovDqoTAF2Nn,3/25/2013 13:04,1,.,.,1,26,23.7,75,50,4,4,0,20,3,0,0,1,.,.,.,.,0,0,23.70000076,0,0
203,R_bBdGpnexBnbDApv,3/25/2013 13:05,4,17.86666667,19.6,0,18.9,25.1,15,5,2,2,3,21,3,0,1,3,5,4,1,1,1,0,18.89999962,1,1
204,R_e2U642D0XCm8nU9,3/25/2013 13:05,1,.,.,1,25.3,23.7,20,50,2,3,2,19,3,0,2,1,.,.,.,.,0,1,23.70000076,0,0
205,R_bEfWRShDmvPmxox,3/25/2013 13:05,3,.,17.53333333,0,36,20.7,20,50,2,4,0,19,2,1,2,0,3,.,.,.,0,1,36,1,0
206,R_9o64tt03arLS1tH,3/25/2013 13:06,4,20.4,24.13333333,0,22,18.2,50,50,3,4,4,19,3,1,1,4,3,2,1,1,0,0,22,1,1
207,R_bDzH7GedbS9NKQZ,3/25/2013 13:08,1,.,.,1,23.8,26.3,45,20,3,2,1,21,2,1,1,2,.,.,.,.,1,0,26.29999924,0,0
208,R_aWvRxNRvXXKQjvD,3/25/2013 13:12,2,30.2,.,1,25.8,26.3,80,50,3,2,2,21,3,0,2,1,.,3,.,.,1,1,26.29999924,0,1
209,R_9L8NcZrYYCXh3Q9,3/25/2013 13:56,3,.,20.93333333,0,22.5,22,20,20,2,3,1,19,3,0,2,1,3,.,.,.,0,1,22.5,1,0
210,R_9twUf87zq9Fgow5,3/25/2013 13:59,4,18.93333333,24.46666667,0,27.3,23.9,10,30,2,3,1,18,3,0,2,1,1,1,1,1,0,1,27.29999924,1,1
211,R_dd1z1MUxlctMPvT,3/25/2013 13:59,3,.,22.73333333,1,26.9,23.1,12,10,3,3,2,18,3,1,2,1,2,.,.,.,0,1,23.10000038,1,0
212,R_elmwZ5X9ZTI4nxX,3/25/2013 14:00,2,22.06666667,.,0,29,18.8,12,2,3,2,1,21,2,0,1,1,.,2,.,.,0,2,29,0,1
213,R_29net73idfga0Bf,3/25/2013 14:02,4,31.33333333,29.06666667,0,25.6,22.8,5,5,2,2,0,20,3,0,1,0,0,1,0,0,0,1,25.60000038,1,1
214,R_6KwWOLOdz7UcRA9,3/25/2013 14:02,1,.,.,1,17.5,19.1,5,30,1,2,3,22,3,0,3,2,.,.,.,.,1,1,19.10000038,0,0
215,R_3n6qAlH12QCS7Z3,3/25/2013 14:03,2,25.46666667,.,1,14.1,20.8,35,35,3,2,4,20,3,0,4,3,.,2,.,.,1,1,20.79999924,0,1
216,R_81Rl1g8KsRsQEZL,3/25/2013 14:08,3,.,20.33333333,0,26,22.7,5,8,2,2,1,21,3,0,1,1,2,.,.,.,0,2,26,1,0
217,R_bpZPB4QNKTFZ5Gd,3/25/2013 14:13,.,.,.,.,.,.,.,.,.,.,.,.,.,.,.,.,.,.,.,.,.,.,.,.,.
218,R_8w5kgIKAREyH0t7,3/25/2013 14:13,1,.,.,0,29.5,28.2,65,60,3,3,2,19,3,0,0,2,.,.,.,.,0,0,29.5,0,0
219,R_ehg9ro6b7vNoGUJ,3/25/2013 14:55,4,18.86666667,14,0,22.8,24.1,45,55,3,4,2,19,3,0,1,2,4,4,0,0,1,0,22.79999924,1,1
220,R_5BJBG4TvAe6Bbc9,3/25/2013 14:56,3,.,16.4,0,42.4,24.1,37,54,3,3,0,20,3,1,1,0,4,.,.,.,0,1,42.40000153,1,0
221,R_6mczQDMEUx5Y1w1,3/25/2013 14:57,2,25.6,.,1,28.1,23.9,15,15,3,3,1,19,3,0,1,2,.,1,.,.,0,0,23.89999962,0,1
222,R_eDKlevJAywuahjD,3/25/2013 15:00,1,.,.,1,26.9,24.1,60,75,4,4,1,20,3,0,1,0,.,.,.,.,0,1,24.10000038,0,0
223,R_5AdyXD6VGMjBg7r,3/25/2013 15:01,4,17.66666667,16.66666667,0,21.1,16.9,20,20,3,3,1,21,3,0,2,1,3,4,0,0,0,1,21.10000038,1,1
224,R_eWFaDGwkFWEiMe1,3/25/2013 15:01,3,.,23.73333333,0,36.9,25.2,5,20,2,2,0,19,3,0,3,0,3,.,.,.,0,1,36.90000153,1,0
225,R_4GcpJHR6fIihXlX,3/25/2013 15:01,1,.,.,1,25.6,15.7,70,50,3,2,3,19,3,0,3,1,.,.,.,.,0,1,15.69999981,0,0
226,R_4N4hedGBWIduxSt,3/25/2013 15:01,1,.,.,1,34.4,21.3,60,40,4,3,2,19,3,1,2,0,.,.,.,.,0,1,21.29999924,0,0
227,R_4UUEqq4YVaGfH5b,3/25/2013 15:01,2,28.33333333,.,0,23.1,23.4,5,3,3,3,2,22,5,0,1,2,.,1,.,.,1,0,23.10000038,0,1
228,R_2uuJI6XLUIY5blX,3/25/2013 15:01,4,16.93333333,21.06666667,0,22.9,22.2,40,70,2,3,1,21,5,0,3,1,3,1,1,1,0,1,22.89999962,1,1
229,R_eeQ7ScriMGKLKKh,3/25/2013 15:04,4,24.6,16,1,29.1,26.4,40,10,3,2,1,19,3,1,1,2,5,1,0,0,0,0,26.39999962,1,1
230,R_4UyIxjd5mdCgEG9,3/29/2013 15:27,.,.,.,.,.,.,.,.,.,.,.,.,.,.,.,.,.,.,.,.,.,.,.,.,.
231,R_dpvdmCC3hGPdaUl,4/1/2013 10:04,3,.,19.53333333,1,23.6,19,85,82,4,3,3,19,3,0,3,3,5,.,.,.,0,2,19,1,0
232,R_2gihiM8XQKWa73L,4/1/2013 10:05,2,29.73333333,.,1,18.1,19.6,25,10,3,2,2,20,3,1,2,1,.,1,.,.,1,1,19.60000038,0,1
233,R_d5saUgYDmyDlVaZ,4/1/2013 10:05,1,.,.,0,21.3,23.2,40,50,2,3,2,22,5,0,2,2,.,.,.,.,1,2,21.29999924,0,0
234,R_57NHSdeeTv83q9T,4/1/2013 10:07,3,.,20.66666667,0,21.5,19.1,50,35,3,3,3,21,3,1,2,3,5,.,.,.,0,0,21.5,1,0
235,R_8tUIvLQ55Yaw0Op,4/1/2013 10:09,4,29.8,22.93333333,0,32.8,27.9,80,0,3,3,2,24,6,0,0,2,2,5,0,0,0,0,32.79999924,1,1
236,R_6Wh2Z9AzoUHwW45,4/1/2013 10:12,2,23.2,.,1,41.2,15.3,80,20,4,2,4,19,2,0,4,1,.,1,.,.,0,1,15.30000019,0,1
237,R_0VW129cMoiX6Ykd,4/1/2013 10:15,3,.,22.26666667,1,18.4,18.4,20,10,3,2,1,26,5,0,1,1,2,.,.,.,0,2,18.39999962,1,0
238,R_9RWBSLoeuF6wDbf,4/1/2013 10:32,2,28.2,.,1,16.9,30,25,7,3,2,1,19,3,1,1,5,.,1,.,.,1,0,30,0,1
239,R_38L6ILTTiipUolf,4/1/2013 10:33,1,.,.,1,31.1,22.1,20,10,3,2,1,20,2,1,1,2,.,.,.,.,0,0,22.10000038,0,0
240,R_a2zUknolFyFPzxj,4/1/2013 10:35,4,24.4,27,0,26.6,18.3,30,40,2,3,1,18,3,0,3,1,1,3,1,1,0,1,26.60000038,1,1
241,R_b2PLm2mQOXmpUuV,4/1/2013 10:36,1,.,.,1,31.5,26.2,10,30,2,4,2,20,3,1,2,1,.,.,.,.,0,1,26.20000076,0,0
242,R_3pzcEbJFf7tOs4d,4/1/2013 10:40,3,.,21.06666667,0,26.5,16.6,5,10,2,1,0,18,2,0,2,0,3,.,.,.,0,1,26.5,1,0
243,R_bKEAzS1q8oO85O5,4/1/2013 10:40,2,31.06666667,.,1,32.4,19.5,4,3,3,3,2,58,5,1,2,0,.,4,.,.,0,1,19.5,0,1
244,R_7UR3BfZ2RTaOEJv,4/1/2013 10:44,4,32.26666667,22.2,1,17.7,18.8,2,1,2,2,3,21,5,1,3,1,2,0,0,0,1,1,18.79999924,1,1
245,R_b9Fk7QULeUW1yZL,4/1/2013 11:01,4,33.13333333,26.73333333,0,24.7,25.9,60,50,3,2,1,20,2,0,2,1,2,0,0,0,1,1,24.70000076,1,1
246,R_1S6HDQczVcv2WJD,4/1/2013 11:01,1,.,.,1,23.6,18.8,80,60,4,3,3,21,5,0,3,4,.,.,.,.,0,0,18.79999924,0,0
247,R_e5meuyeyWYQNLrn,4/1/2013 11:01,2,25.53333333,.,1,20.2,20,5,2,4,2,3,21,3,1,3,4,.,0,.,.,0,0,20,0,1
248,R_6nVkGOSeTeMal8x,4/1/2013 11:02,3,.,23.13333333,0,28.8,20.3,40,60,2,3,1,20,3,1,2,1,1,.,.,.,0,1,28.79999924,1,0
249,R_0ukctSJJP8suuTX,4/1/2013 11:04,4,31.13333333,28.86666667,0,29.1,19.9,20,21,2,2,0,21,5,1,0,0,1,0,0,0,0,2,29.10000038,1,1
250,R_43gU5uQGoRGnwdD,4/1/2013 11:05,3,.,18.93333333,1,27.9,17.1,70,30,4,2,3,33,3,1,3,1,5,.,.,.,0,1,17.10000038,1,0
251,R_eRlqkKZXj905pfn,4/1/2013 11:05,1,.,.,0,36.3,24.4,20,25,2,2,2,24,5,1,2,2,.,.,.,.,0,2,36.29999924,0,0
252,R_babGaS5xOkD2D2t,4/1/2013 11:07,2,28.93333333,.,1,19.9,25.6,60,20,4,3,2,20,5,1,2,2,.,1,.,.,1,2,25.60000038,0,1
253,R_6lh20bNEyW112MB,4/1/2013 11:08,1,.,.,1,21,19.4,20,30,2,3,2,20,2,0,2,2,.,.,.,.,0,2,19.39999962,0,0
254,R_9uDDF9cQPSxowCh,4/1/2013 11:09,2,25.8,.,1,25.3,15.3,30,10,4,3,3,20,3,1,3,2,.,2,.,.,0,1,15.30000019,0,1
255,R_bvnSGLI5TBFw63j,4/1/2013 11:12,4,24.26666667,18.93333333,0,25.6,18.4,75,65,4,3,1,21,3,1,1,1,3,4,0,0,0,2,25.60000038,1,1
256,R_9HMx3m91oDWpkSV,4/1/2013 11:18,3,.,21.26666667,0,15.5,17,5,4,2,3,2,21,3,1,4,2,3,.,.,.,1,1,15.5,1,0
257,R_b3KRlN3HKeWo2c5,4/2/2013 9:58,2,30.46666667,.,1,26.9,27.4,50,20,3,2,3,18,3,0,3,2,.,1,.,.,1,1,27.39999962,0,1
258,R_ex4oMw2uElE6FIp,4/2/2013 9:58,3,.,22.66666667,0,32.1,21.1,10,10,2,3,2,22,5,0,3,2,2,.,.,.,0,1,32.09999847,1,0
259,R_eDPskLJPSHPlif3,4/2/2013 10:01,4,29.73333333,17.13333333,1,35.4,19.9,90,10,3,2,1,20,2,0,1,0,4,1,0,0,0,1,19.89999962,1,1
260,R_aWThAm2IXjGRXZb,4/2/2013 10:02,1,.,.,1,22,31.9,80,50,4,4,1,19,3,0,1,2,.,.,.,.,1,0,31.89999962,0,0
261,R_6KCN1WflF3t40RL,4/2/2013 10:04,4,15.66666667,21.4,0,26.3,20,35,50,3,4,3,23,5,0,1,3,3,4,1,1,0,0,26.29999924,1,1
262,R_aa8S8NphRjIjd5z,4/2/2013 10:06,2,23.26666667,.,1,36.9,14.4,30,10,2,2,3,22,5,0,3,0,.,2,.,.,0,1,14.39999962,0,1
263,R_2aFzud8L3zgBa4Z,4/2/2013 10:10,1,.,.,0,25.3,22.5,85,50,3,2,1,19,3,0,1,1,.,.,.,.,0,2,25.29999924,0,0
264,R_9FaqSuavfGDW6up,4/2/2013 10:14,3,.,32.4,0,33.1,17.8,0,100,3,4,2,20,3,1,2,2,1,.,.,.,0,2,33.09999847,1,0
265,R_5jdEXAlgTN7uI9n,4/2/2013 10:14,2,28,.,0,20,15.6,15,10,2,2,2,19,3,1,2,2,.,2,.,.,0,2,20,0,1
266,R_55DjO2CxPe5z3dH,4/2/2013 10:31,3,.,25.66666667,0,16.6,16.9,30,30,2,3,3,20,3,0,2,3,0,.,.,.,1,0,16.60000038,1,0
267,R_egGsGfIITkqWEe1,4/2/2013 10:31,4,28.6,33.13333333,0,39.5,19.5,45,65,3,4,0,21,3,0,2,0,0,2,1,1,0,1,39.5,1,1
268,R_6hDHZ7EQF6eLobz,4/2/2013 10:32,1,.,.,1,25.2,21.5,30,40,2,3,1,19,3,0,1,1,.,.,.,.,0,2,21.5,0,0
269,R_6MbRiR5JxVFHGHH,4/2/2013 10:33,1,.,.,1,29.2,10,50,10,3,2,6,20,3,0,6,2,.,.,.,.,0,1,10,0,0
270,R_6QXIjq3GLZIRizr,4/2/2013 10:33,2,20.2,.,0,19.9,25.5,50,50,3,3,1,21,3,0,0,1,.,3,.,.,1,0,19.89999962,0,1
271,R_e3rGmiki1V268Zv,4/2/2013 10:35,4,22.66666667,25.13333333,0,36.9,24.4,10,20,3,2,0,28,5,0,1,0,2,0,1,1,0,1,36.90000153,1,1
272,R_8uo2qV18cLSBguV,4/2/2013 10:37,3,.,16.6,1,30.5,20.6,60,30,4,2,4,21,3,0,4,3,2,.,.,.,0,1,20.60000038,1,0
273,R_9TzdAxzfnJjXa3X,4/2/2013 10:38,3,.,21,1,23.9,16.8,40,20,2,1,4,19,3,0,4,0,3,.,.,.,0,1,16.79999924,1,0
274,R_5dTkARTMA9qereR,4/2/2013 10:43,4,22.33333333,20.46666667,0,23.4,26,40,30,3,4,2,19,3,0,1,2,3,3,0,0,1,0,23.39999962,1,1
275,R_2c0UlZw7ybQlMBD,4/2/2013 10:44,2,36.8,.,1,20.1,21.6,40,20,3,2,1,21,3,1,1,3,.,1,.,.,1,0,21.60000038,0,1
276,R_5aNzfzSj0CHquRD,4/2/2013 11:00,1,.,.,1,22.2,29.6,55,40,4,3,0,21,3,0,0,0,.,.,.,.,1,2,29.60000038,0,0
277,R_1G31uZta66UF18F,4/2/2013 11:01,2,25.53333333,.,1,33.6,16.6,40,30,2,3,3,19,3,0,3,1,.,4,.,.,0,1,16.60000038,0,1
278,R_dmQLrSA80zH37A9,4/2/2013 11:03,1,.,.,1,36.5,21.2,75,30,3,2,4,22,3,0,4,0,.,.,.,.,0,1,21.20000076,0,0
279,R_2rtWAlHfHwv4ZJH,4/2/2013 11:03,3,.,25.8,0,27.2,30.4,30,70,2,3,1,19,3,1,1,1,0,.,.,.,1,2,27.20000076,1,0
280,R_bgdLLZ2boyFf5aZ,4/2/2013 11:03,3,.,30.93333333,0,22.3,19.4,10,15,2,2,2,20,3,0,1,2,2,.,.,.,0,0,22.29999924,1,0
281,R_0lmSxoVU1x46YRv,4/2/2013 11:03,4,31.53333333,31.26666667,0,21.8,21,5,5,2,3,3,21,5,0,2,3,2,1,0,0,0,0,21.79999924,1,1
282,R_difzMSxDFiPT30h,4/2/2013 11:03,2,28.26666667,.,1,21.6,18.8,60,30,4,3,1,21,3,0,1,2,.,2,.,.,0,0,18.79999924,0,1
283,R_3UvzIjhJNWdDLSJ,4/2/2013 11:05,4,22.26666667,22.53333333,0,19,23.1,15,10,3,3,3,19,3,0,1,3,3,2,1,1,1,0,19,1,1
284,R_9v1f4ftkipBMJpz,4/2/2013 11:09,1,.,.,0,21,21.3,20,30,2,3,2,19,3,1,1,2,.,.,.,.,1,0,21,0,0
285,R_aXIXmY11ksK3VuB,4/2/2013 11:11,2,33.46666667,.,0,23.5,21.1,30,25,3,3,3,19,3,1,2,3,.,2,.,.,0,0,23.5,0,1
286,R_3EJKVjIovSjSt4F,4/2/2013 11:11,1,.,.,0,27.9,30.4,35,20,2,2,1,32,7,1,2,1,.,.,.,.,1,1,27.89999962,0,0
287,R_4MA8oLzF86KxEVf,4/2/2013 11:15,.,.,.,.,.,.,.,.,.,.,.,.,.,.,.,.,.,.,.,.,.,.,.,.,.
288,R_bfnNrUMbnXMXHi5,4/2/2013 11:15,3,.,26.93333333,0,21,19.3,5,10,2,2,1,20,2,1,5,1,2,.,.,.,0,1,21,1,0
289,R_6RwPnDjaAC15VoV,4/3/2013 9:59,4,33.13333333,26.8,0,22.4,28.1,40,30,3,3,1,21,3,1,1,1,5,1,0,0,1,2,22.39999962,1,1
290,R_6XQKbNcZMAxSXnT,4/3/2013 9:59,2,25.4,.,1,31.9,21.8,25,15,3,2,1,21,5,1,1,1,.,2,.,.,0,2,21.79999924,0,1
291,R_2snohZmpCqgPS0l,4/3/2013 10:00,4,23.93333333,22.66666667,0,35.2,17.6,60,40,3,2,2,18,2,0,3,2,4,1,0,0,0,1,35.20000076,1,1
292,R_3Cy4mxV6k30Z4u9,4/3/2013 10:02,1,.,.,1,31.6,23.7,55,30,4,2,2,19,3,0,2,0,.,.,.,.,0,1,23.70000076,0,0
293,R_eWcRcKQVg26B91X,4/3/2013 10:03,3,.,17.06666667,1,22.4,32.1,40,60,3,3,2,25,5,0,2,3,3,.,.,.,1,0,32.09999847,1,0
294,R_blnqee8wx7F1Sm1,4/3/2013 10:07,3,.,17.66666667,0,26.2,19.8,20,20,3,2,3,20,3,0,1,3,5,.,.,.,0,0,26.20000076,1,0
295,R_9M3ShaQ9zoU5Fo9,4/3/2013 10:09,4,27.06666667,20.46666667,0,19,27.2,40,30,3,2,2,21,5,0,2,2,2,2,0,0,1,2,19,1,1
296,R_7alAoS8YeSjt8J7,4/3/2013 10:11,1,.,.,1,28,14.7,20,10,2,2,2,23,6,0,2,2,.,.,.,.,0,2,14.69999981,0,0
297,R_byCt1qM7UkpksMl,4/3/2013 10:14,2,31,.,1,36.9,26,90,10,4,2,0,23,5,0,0,1,.,0,.,.,0,0,26,0,1
298,R_7Pw8FjUDnQS3SOp,4/3/2013 10:31,4,31,27.73333333,1,14.2,19.9,35,20,2,2,3,19,2,0,3,2,0,0,0,0,1,1,19.89999962,1,1
299,R_3xxoALIEb7syywZ,4/3/2013 10:31,2,24.6,.,0,24.1,24.2,80,20,3,2,0,19,3,0,1,0,.,2,.,.,1,1,24.10000038,0,1
300,R_3JorH29nzdn7hZP,4/3/2013 10:31,3,.,23.06666667,0,21,23.7,45,30,4,3,1,52,5,1,1,1,2,.,.,.,1,2,21,1,0
301,R_4NJGTfCaGNpmK0t,4/3/2013 10:37,1,.,.,1,34.8,27.9,35,12,2,4,1,19,5,1,1,1,.,.,.,.,0,2,27.89999962,0,0
302,R_3Co6gfEwOpdxcYR,4/3/2013 10:38,4,29.8,22.46666667,1,26.3,15.9,60,30,3,3,2,18,2,1,2,0,3,1,0,0,0,1,15.89999962,1,1
303,R_5AyA8VYyD3nHNVb,4/3/2013 10:40,3,.,18.86666667,0,15,19.1,50,50,2,2,4,22,7,0,1,4,5,.,.,.,1,0,15,1,0
304,R_7UIhsTupOLpsAUB,4/3/2013 10:46,2,29.13333333,.,1,20.3,25.5,65,35,4,3,1,18,2,1,1,3,.,0,.,.,1,0,25.5,0,1
305,R_0881SJtADQ4m257,4/3/2013 11:00,2,30.26666667,.,1,29.9,15.7,80,20,5,2,2,27,3,0,2,2,.,2,.,.,0,2,15.69999981,0,1
306,R_4GcNyiYYQTfXnuZ,4/3/2013 11:01,1,.,.,1,29.9,27.4,95,50,4,3,0,21,3,0,0,0,.,.,.,.,0,2,27.39999962,0,0
307,R_6kSalF2UUY49l1b,4/3/2013 11:01,1,.,.,1,20.7,31.6,50,25,3,2,1,.,.,.,1,3,.,.,.,.,1,0,31.60000038,0,0
308,R_0djzj6Yt6tQ5OQZ,4/3/2013 11:01,3,.,25.86666667,0,23.6,28.4,10,20,2,3,0,18,3,1,2,0,3,.,.,.,1,1,23.60000038,1,0
309,R_bK2Jd6RU0jmhk9v,4/3/2013 11:04,4,22.93333333,26.26666667,0,27.7,33.1,5,1,3,3,0,18,3,0,1,0,1,4,1,1,1,1,27.70000076,1,1
310,R_80znhXlWyHIsxaB,4/3/2013 11:08,2,28.8,.,0,31.4,24.8,40,30,2,2,0,21,3,0,1,0,.,3,.,.,0,1,31.39999962,0,1
311,R_6D0oBmHK0GgnEyN,4/3/2013 11:12,3,.,22.53333333,0,28.9,18.6,30,50,2,3,2,20,3,1,2,2,3,.,.,.,0,2,28.89999962,1,0
312,R_8c6SdnNdjZtGpmZ,4/4/2013 10:00,4,24.2,19.6,0,15.5,26.7,1,3,2,3,3,22,5,0,2,3,2,1,0,0,1,0,15.5,1,1
313,R_bKmXpTfjxOop67j,4/4/2013 10:01,3,.,25.26666667,0,15,26.1,20,5,3,2,1,19,2,0,1,1,2,.,.,.,1,2,15,1,0
314,R_eRTRaSqTyGYjtvT,4/4/2013 10:01,1,.,.,0,25.8,15.2,50,50,2,2,2,20,2,1,4,2,.,.,.,.,0,1,25.79999924,0,0
315,R_9WF3ZfIAr7ATH01,4/4/2013 10:02,1,.,.,1,22.1,22.7,40,60,3,3,1,22,3,1,1,1,.,.,.,.,1,2,22.70000076,0,0
316,R_bqKvKC2V1v49eoR,4/4/2013 10:04,4,20.2,21.2,0,34.4,29.2,60,50,4,3,1,18,2,1,0,1,2,3,1,1,0,0,34.40000153,1,1
317,R_06woxn9rOvChKux,4/4/2013 10:05,2,29.73333333,.,0,24.2,23.5,50,25,3,2,2,19,3,1,0,2,.,3,.,.,0,0,24.20000076,0,1
318,R_1O1Wk1VOKGPsZr7,4/4/2013 10:06,.,.,.,.,.,.,.,.,.,.,.,.,.,.,.,.,.,.,.,.,.,.,.,.,.
319,R_cSI10fZjqfErWTj,4/4/2013 10:06,4,25.93333333,21.26666667,1,21,16.4,85,45,3,2,4,18,3,0,4,4,3,1,0,0,0,2,16.39999962,1,1
320,R_553CxhhT2H9vaMl,4/4/2013 10:06,3,.,25.4,0,16.8,15.8,20,70,2,4,3,18,3,1,4,3,2,.,.,.,0,1,16.79999924,1,0
321,R_enRvVz8cWVX7GHH,4/4/2013 10:09,2,20.8,.,1,17.2,29.9,60,20,4,4,0,20,2,0,0,3,.,3,.,.,1,0,29.89999962,0,1
322,R_8ljkZLUtLW7d73T,4/4/2013 10:10,1,.,.,0,24.7,24,10,10,2,2,1,19,3,0,1,1,.,.,.,.,0,2,24.70000076,0,0
323,R_6sVhdYVylVkZUvX,4/4/2013 10:12,4,21.4,26.33333333,0,25.3,21.7,50,60,3,4,0,19,2,1,2,0,2,3,1,1,0,1,25.29999924,1,1
324,R_cBBWPrtiUoyIm45,4/4/2013 10:14,2,24.93333333,.,1,18.2,16.2,60,40,4,2,3,20,3,0,3,1,.,3,.,.,0,1,16.20000076,0,1
325,R_8CzHBBXcgVZFIcl,4/4/2013 10:33,1,.,.,1,25.2,18.2,4,6,2,2,1,21,3,1,1,0,.,.,.,.,0,1,18.20000076,0,0
326,R_0CdOCuYoQ10wPL7,4/4/2013 10:34,4,22.53333333,25.2,1,23.4,18.1,40,20,2,2,3,19,3,1,3,2,3,1,1,1,0,1,18.10000038,1,1
327,R_0BuB4euZGYeZVA1,4/4/2013 10:34,2,23.33333333,.,1,26.3,19,99,5,4,4,2,50,5,0,2,2,.,1,.,.,0,2,19,0,1
328,R_enxhfuasNhveUrb,4/4/2013 10:34,3,.,20.8,0,19,27.7,65,40,3,2,0,19,3,0,1,0,1,.,.,.,1,1,19,1,0
329,R_9RfpkzQjXExofOJ,4/4/2013 10:35,1,.,.,0,23,36.7,30,20,3,4,3,20,3,1,0,3,.,.,.,.,1,0,23,0,0
330,R_ctNBNM77rwIWzqd,4/4/2013 10:35,3,.,25.86666667,0,32.5,26.6,5,10,2,3,0,18,3,0,1,0,2,.,.,.,0,1,32.5,1,0
331,R_7UMyFPsKF7atOtL,4/4/2013 10:36,1,.,.,0,31,19.1,25,75,3,5,1,.,.,.,0,1,.,.,.,.,0,0,31,0,0
332,R_ewYRqk6z0Tdjlsx,4/4/2013 10:36,3,.,26.86666667,0,18.9,19.5,20,25,2,3,1,18,2,1,3,1,1,.,.,.,1,1,18.89999962,1,0
333,R_5dwbJacdVyO4c9T,4/4/2013 10:38,2,25.93333333,.,0,24.7,21.9,30,10,2,3,2,20,3,1,0,2,.,1,.,.,0,0,24.70000076,0,1
334,R_7PcWEqzQAJFvziR,4/4/2013 10:40,4,24.8,25.86666667,0,34.8,29.8,60,70,3,3,1,20,3,0,0,1,4,1,1,1,0,0,34.79999924,1,1
335,R_6RQLnq9HwOG9o8J,4/4/2013 10:42,2,37.46666667,.,0,33.2,18.5,65,30,3,2,0,19,3,0,3,0,.,1,.,.,0,1,33.20000076,0,1
336,R_1SWoUSwDy1ScJTL,4/4/2013 10:44,4,28.46666667,28.33333333,0,22.1,28.4,30,20,2,2,1,19,3,0,2,1,3,0,0,0,1,1,22.10000038,1,1
337,R_5AqQ7eUGSQ0HtwV,4/4/2013 11:02,1,.,.,0,31.5,22.8,75,20,4,2,1,21,2,0,2,1,.,.,.,.,0,1,31.5,0,0
338,R_3C68MPYUtFKSCtD,4/4/2013 11:03,3,.,25.46666667,0,35.4,25.4,40,60,2,3,2,27,6,1,2,2,1,.,.,.,0,2,35.40000153,1,0
339,R_1Ii9yLLXT004jI1,4/4/2013 11:07,1,.,.,1,27.5,19.5,60,5,4,2,2,18,3,1,2,2,.,.,.,.,0,2,19.5,0,0
340,R_8idudpTztsjyS3z,4/4/2013 11:10,4,26.93333333,15,0,17.2,23,50,25,3,2,2,20,3,0,1,2,2,1,0,0,1,0,17.20000076,1,1
341,R_5pUm9JTqaLWohX7,4/4/2013 11:10,2,36.06666667,.,1,34.6,25.6,50,0,3,2,2,37,5,0,2,0,.,2,.,.,0,1,25.60000038,0,1
342,R_78PJHWL4gVpw36B,4/5/2013 10:05,3,.,21.93333333,1,40.3,25.8,20,10,3,2,1,18,3,1,1,1,3,.,.,.,0,2,25.79999924,1,0
343,R_5jLHB4DtaJxaaEt,4/5/2013 10:06,3,.,20.66666667,0,28.1,21.1,0,100,2,5,3,19,3,1,1,3,3,.,.,.,0,0,28.10000038,1,0
344,R_3EMKjkxapq5QAIJ,4/5/2013 10:06,1,.,.,1,14.2,13.5,40,30,3,2,4,21,3,1,4,4,.,.,.,.,0,2,13.5,0,0
345,R_3QzxbG1Qeb5fVdj,4/5/2013 10:08,2,32.33333333,.,0,20.9,30,40,60,3,3,3,19,3,0,0,3,.,2,.,.,1,0,20.89999962,0,1
346,R_88I1380w8qU1v9P,4/5/2013 10:08,1,.,.,0,18.9,19.9,50,45,3,3,3,19,3,1,2,3,.,.,.,.,1,0,18.89999962,0,0
347,R_3EJJCk6vqyDamEJ,4/5/2013 10:08,4,28.73333333,28,0,35.9,22.4,5,25,2,3,1,18,3,0,1,1,2,5,0,0,0,2,35.90000153,1,1
348,R_81ST4h1vj7pAPLn,4/5/2013 10:12,3,.,17.06666667,0,25.1,20.4,20,10,2,2,1,19,2,0,1,1,4,.,.,.,0,2,25.10000038,1,0
349,R_57QlpbsZENaVN0p,4/5/2013 10:16,4,40.53333333,23.73333333,0,29.4,26.4,20,30,2,2,1,18,2,0,1,1,1,0,0,0,0,2,29.39999962,1,1
350,R_238xzFg4osxSp3n,4/5/2013 10:17,2,19.8,.,0,41.7,23.7,50,40,4,3,0,20,2,0,1,0,.,3,.,.,0,1,41.70000076,0,1
351,R_6gmj5dwvvIvMPFH,4/5/2013 10:33,4,27.33333333,30.13333333,0,32,23.5,56,37,2,2,0,18,3,0,3,0,3,2,1,1,0,1,32,1,1
352,R_3C8DCT90Nu4qPXf,4/5/2013 10:34,3,.,24.13333333,1,19.6,12.4,25,5,2,2,3,19,3,0,3,2,2,.,.,.,0,1,12.39999962,1,0
353,R_bm9a7C4QUiNFrSd,4/5/2013 10:34,2,22.6,.,1,14.9,23.2,50,20,3,2,2,21,3,0,2,3,.,1,.,.,1,0,23.20000076,0,1
354,R_6YcHTtl1nnLAaMt,4/5/2013 10:37,1,.,.,1,26.8,21.5,30,20,2,2,1,21,3,0,1,0,.,.,.,.,0,1,21.5,0,0
355,R_1Gi7NiKhJcXRUNf,4/5/2013 10:39,3,.,21.73333333,0,26.7,20,40,50,2,3,2,19,2,1,1,2,0,.,.,.,0,0,26.70000076,1,0
356,R_5z0c13dgUAUBoZn,4/5/2013 10:40,1,.,.,1,27.4,18.2,70,50,3,3,3,22,3,1,3,1,.,.,.,.,0,1,18.20000076,0,0
357,R_9t944IfYZVLviId,4/5/2013 10:45,4,36.33333333,22.66666667,0,25.5,15.2,50,50,3,3,2,22,5,0,4,2,3,2,0,0,0,1,25.5,1,1
358,R_1Zl3H5ln7gh0AOp,4/5/2013 11:01,2,20.53333333,.,1,21,19.4,80,20,4,2,4,20,3,0,4,1,.,2,.,.,0,1,19.39999962,0,1
359,R_5b8si2CwCQwGvwF,4/5/2013 11:03,2,27.13333333,.,1,15,19.4,25,5,4,2,0,20,3,0,0,3,.,2,.,.,1,0,19.39999962,0,1
360,R_4NvdzVppfQO6aWN,4/5/2013 11:03,1,.,.,1,17.7,21.2,40,55,4,4,0,22,3,0,0,1,.,.,.,.,1,0,21.20000076,0,0
361,R_79ggd0EzSaPwS5n,4/5/2013 11:03,4,35.66666667,24.06666667,0,26.1,33.1,40,30,2,2,1,18,2,1,0,1,1,0,0,0,1,0,26.10000038,1,1
362,R_aeFJ2Yj4SqH3a0l,4/5/2013 11:04,3,.,21.73333333,0,25.7,23.8,25,33,3,3,1,22,3,1,2,1,0,.,.,.,0,1,25.70000076,1,0
363,R_1AdjnKcLMsbj7oh,4/5/2013 11:06,3,.,22.4,0,28.7,21.7,20,50,3,4,2,22,5,1,2,2,4,.,.,.,0,2,28.70000076,1,0
364,R_9RZr2Pgz75HNjVP,4/5/2013 11:06,4,21.73333333,20,0,21.3,17.6,20,25,2,3,3,22,3,0,2,3,1,5,0,0,0,0,21.29999924,1,1
365,R_3dRbh0zlrWtgh25,4/5/2013 11:07,1,.,.,0,18.2,12.5,45,60,4,4,2,22,5,0,4,2,.,.,.,.,0,1,18.20000076,0,0
366,R_0Ps3F6bda4nbHZb,4/5/2013 11:09,2,32,.,1,14.3,24.4,60,50,3,2,1,22,2,0,1,2,.,0,.,.,1,0,24.39999962,0,1
367,R_di2v7XDhRzYH7tH,4/5/2013 11:13,1,.,.,1,20.1,24.5,50,50,4,3,2,20,2,0,2,2,.,.,.,.,1,2,24.5,0,0
368,R_8pnyM5daRhiJKXX,4/5/2013 11:15,4,26.86666667,21.2,1,14.2,26.4,10,30,2,3,1,19,2,0,1,3,2,1,0,0,1,0,26.39999962,1,1
369,R_6QBBc4FbXRHAov3,4/5/2013 11:15,2,24.66666667,.,0,17.9,22.6,5,10,1,1,3,20,2,1,1,3,.,1,.,.,1,0,17.89999962,0,1
